þÿ,Unnamed: 0,Satznr,Firmen_KZ,Firma1,Firma2,Strasse,PLZ,Ort,Telefon,Telefax,Homepage,Email,Position,Anrede,Titel,Vorname,Nachname,WZ2003_1,Bezeichn_1,WZ2003_2,Bezeichn_2,WZ2003_3,Bezeichn3,Ust_ID,Amtsgerich,Handelsreg,HandelArt,HandelDatu,Ortsteil,Ortszusatz,Bundesland,Vorwahl,Leitbereic,Einwohner,Flaeche,KFZ_KZ,GeoXY,ID_KZ,BranSuchBez,Land,Anz_Mitarb,Netzwerk,grid-id,Leistungspreis
0,0.0,153556607.0,1.0,Kalnik Josef KG,,Industriestr. 11,76831.0,Billigheim-Ingenheim,06349/96280,,,,,,,,,15.13.0,Fleischverarbeitung,'nan,,'nan,,,,,,,Billigheim,,Rheinland-Pfalz,6349.0,76800.0,3995.0,22*96,SÜW,49°8´10.456655 8°6´52.662491,2.0,,DEUTSCHLAND,101 bis 500,EnergieSüdwest* GV EnergieSüdwest AG,76829001,81.3
1,1.0,137980401.0,1.0,Brezel-Ecker-Backshops GmbH,,Vogelbacher Weg 90,66424.0,Homburg,06841/97160,06841/971677,,,,,,,,15.81.1,Herstellung von Backwaren (ohne Konditor- und Dauerbackwaren),'nan,,'nan,,,Saarbrücken,HRB 3402,Aenderung,20120820.0,Erbach,,Saarland,6841.0,66400.0,44611.0,82*64,HOM,49°20´55.898448 7°20´51.74303,1.0,,DEUTSCHLAND,101 bis 500,Stadtwerke Homburg GmbH* gesamtes Stromnetz,66424001,92.01
2,2.0,181951782.0,1.0,Brezel-Ecker* Gesellschaft mbH,,Vogelbacher Weg 90,66424.0,Homburg,06841/9933881,,,,,,,,,15.81.1,Herstellung von Backwaren (ohne Konditor- und Dauerbackwaren),'nan,,'nan,,,Saarbrücken,HRB 2288,Aenderung,20120820.0,Erbach,,Saarland,6841.0,66400.0,44611.0,82*64,HOM,49°20´55.898448 7°20´51.74303,1.0,,DEUTSCHLAND,101 bis 500,Stadtwerke Homburg GmbH* gesamtes Stromnetz,66424001,92.01
5,5.0,120445648.0,1.0,Hela Gewürzwerk Hermann Laue GmbH & Co. KG,,Beimoorweg 11,22926.0,Ahrensburg,04102/4960,04102/496104,www.hela.eu,info@hela.eu,,,,,,15.87.0,Herstellung von Würzmitteln und Saucen,'nan,,'nan,,,,,,,,,Schleswig-Holstein,4102.0,22900.0,30167.0,35*3,OD,53°40´49.851443 10°15´8.879651,1.0,,DEUTSCHLAND,101 bis 500,Schleswig-Holstein Netz AG - Grundversorger E.ON Vertrieb* ehemals Ahrensburg,24768402,122.18
7,7.0,192743403.0,1.0,De Mäkelbörger Backwaren GmbH,,Warliner Str. 2,17034.0,Neubrandenburg,0395/45020,0395/4502190,www.demaekelboerger.de,info@demaekelboerger.de,,,,,,15.81.1,Herstellung von Backwaren (ohne Konditor- und Dauerbackwaren),'nan,,'nan,,,,,,,Industrieviertel,,Mecklenburg-Vorpommern,395.0,17000.0,68451.0,85*64,NB,53°33´55.355076 13°17´1.977108,1.0,Bäckereien,DEUTSCHLAND,101 bis 500,Neubrandenburger Stadtwerke GmbH* gesamtes Stromnetz,17033001,78.38
12,12.0,139680065.0,1.0,Goldeck Süßwaren GmbH & Co. KG,,Am Güterbahnhof,6712.0,Zeitz,03441/6210,,,,,,,,,15.84.0,Herstellung von Süßwaren (ohne Dauerbackwaren),'nan,,'nan,,,,,,,Zeitz,,Sachsen-Anhalt,3441.0,6690.0,29434.0,24*63,BLK,51°3´39.130919 12°8´18.900419,2.0,,DEUTSCHLAND,101 bis 500,REDINET Burgenland GmbH,6712001,119.24
21,21.0,145757163.0,1.0,Südzucker AG,,Albrechtstr. 54,6712.0,Zeitz,03441/8990,03441/899721,,,,,,,,15.84.0,Herstellung von Süßwaren (ohne Dauerbackwaren),52.11.1,Einzelhandel mit Nahrungsmitteln* Getränken und Tabakwaren* ohne ausgeprägten Schwerpunkt,'nan,,,,,,,Zeitz,,Sachsen-Anhalt,3441.0,6690.0,29434.0,24*63,BLK,51°3´2.283084 12°6´55.366307,2.0,Süßwaren,DEUTSCHLAND,101 bis 500,REDINET Burgenland GmbH,6712001,119.24
22,22.0,184224793.0,1.0,Milchhof Magdeburg GmbH,,Ebendorfer Chaussee 70,39128.0,Magdeburg,0391/24220,0391/2422129,,,,,,,,15.51.0,Milchverarbeitung,'nan,,'nan,,,,,,,Neustädter Feld,,Sachsen-Anhalt,391.0,39000.0,226675.0,200*94,MD,52°9´58.372920 11°37´1.534259,2.0,,DEUTSCHLAND,101 bis 500,Netze Magdeburg* Stammgebiet,39106001,144.08
23,23.0,147586495.0,1.0,BÄKO Weser-Ems Bäcker- & Konditoren e.G.,,Holler Landstr. 250-256,26135.0,Oldenburg,0441/9711197,0441/97110,www.baeko-weser-ems.de,info@baeko-weser-ems.de,,,,,,15.81.1,Herstellung von Backwaren (ohne Konditor- und Dauerbackwaren),15.81.2,Herstellung von Konditorwaren,'nan,,DE117471934,,,,,Osternburg,,Niedersachsen,441.0,26000.0,158394.0,102*96,OL,53°8´23.649143 8°15´53.340120,1.0,Bäckereibedarf,DEUTSCHLAND,101 bis 500,EWE NETZ GmbH,26122101,53.16
24,24.0,133524703.0,1.0,Stadtbäckerei Friedrich Gatenbröcker GmbH,,Weststr. 42,45891.0,Gelsenkirchen,0209/700880,0209/7008829,www.baeckerei-gatenbroecker.de,info@stadtbaeckerei-gatenbroecker.de,,,,,,15.81.1,Herstellung von Backwaren (ohne Konditor- und Dauerbackwaren),'nan,,'nan,,,,,,,Erle,,Nordrhein-Westfalen,209.0,45800.0,270107.0,104*86,GE,51°33´8.879184 7°5´14.94779,1.0,Bäckereien,DEUTSCHLAND,101 bis 500,ELE Verteilnetz GmbH* gesamtes Stromnetz,45879001,80.96
25,25.0,142128153.0,1.0,CC Erfrischungsgetränke Teutoburger,Wald GmbH & Co. KG,Oldenburger Landstr. 2,49090.0,Osnabrück,01802/118330,,,,,,,,,'51.4,Großhandel mit Gebrauchs- und Verbrauchsgütern,51.34.1,Großhandel mit Getränken* ohne ausgeprägten Schwerpunkt,15.98.0,Gewinnung natürlicher Mineralwässer* Herstellung von Erfrischungsgetränken,,,,,,Haste,,Niedersachsen,541.0,49000.0,164489.0,119*8,OS,52°18´11.497680 8°2´9.407795,2.0,,DEUTSCHLAND,101 bis 500,SWO Netz* gesamtes Netzgebiet,49074002,76.31
29,29.0,110560759.0,1.0,Enertech GmbH,,Adjutantenkamp 18,58675.0,Hemer,02372/9650,02372/61240,www.giersch.de,info@giersch.de,,,,,,15.92.0,Herstellung von Alkohol,'nan,,'nan,,,,,,,Deilinghofen,,Nordrhein-Westfalen,2372.0,58650.0,37689.0,67*56,MK,51°22´48.487547 7°47´58.347635,1.0,,DEUTSCHLAND,101 bis 500,EVI Energieversorgung Ihmert GmbH & Co KG* gesamtes Stromnetz,56875001,109.99
31,31.0,184789050.0,1.0,Adelholzener Alpenquellen GmbH,,St.-Primus-Str. 1,83313.0,Siegsdorf,08662/620,08662/62101,www.adelholzener.de,info@adelholzener.de,,,,,,'15.98,Gewinnung natürlicher Mineralwässer* Herstellung von Erfrischungsgetränken,'nan,,'nan,,,,,,,Bad Adelholzen,,Bayern,8662.0,83260.0,8232.0,56*98,TS,47°48´43.767935 12°36´40.720823,1.0,,DEUTSCHLAND,101 bis 500,Stromversorgung Inzell eG* gesamtes Stromnetz,83334001,138.99
40,40.0,127304283.0,1.0,Danone GmbH,,Gervaisstr. 2,97199.0,Ochsenfurt,09331/950,09331/95302,,,,,,,,15.51.0,Milchverarbeitung,'nan,,'nan,,,,,,,Goßmannsdorf,,Bayern,9331.0,97000.0,11550.0,63*55,WÜ,49°40´40.551096 10°1´56.396244,2.0,Nahrungs- und Nährmittelhersteller,DEUTSCHLAND,101 bis 500,MDN* Netz ÜWS Netz GmbH (Regelzone EnBW),90429303,125.28
49,49.0,160148757.0,1.0,Tulip Food Company GmbH,,Dollenweg 5,48465.0,Schüttorf,05923/8020,05923/7761,,,,,,,,15.13.0,Fleischverarbeitung,'nan,,'nan,,,,,,,,,Niedersachsen,5923.0,48400.0,11573.0,11*23,NOH,52°18´56.348675 7°13´36.419412,2.0,,DEUTSCHLAND,101 bis 500,SW Schüttorf-Emsbüren* Netzgebiet ehemals SW Schüttorf,48465001,62.23
55,55.0,103005286.0,1.0,Harry-Brot GmbH,,Air-Terminal-Str. 4,4509.0,Wiedemar,034207/780,034207/78215,,,,,,,,15.81.1,Herstellung von Backwaren (ohne Konditor- und Dauerbackwaren),'nan,,'nan,,,,,,,Wiedemar,,Sachsen,34207.0,4500.0,2274.0,34*39,TDO,51°28´4.402128 12°12´39.590820,2.0,Bäckereien,DEUTSCHLAND,101 bis 500,SW Delitzsch* gesamtes Netzgebiet,4509001,75.45
66,66.0,143318659.0,1.0,Warsteiner Brauerei Haus Cramer KG,,Domring 4,59581.0,Warstein,02902/880,02902/881459,www.pressemeldung-aktuell.de,,,,,,,15.96.0,Herstellung von Bier,'nan,,'nan,,,,,,,Warstein,,Nordrhein-Westfalen,2902.0,59520.0,28629.0,157*91,SO,51°26´29.541984 8°21´8.893908,1.0,Brauereien,DEUTSCHLAND,501-1000,WESTNETZ* GV Warsteiner Verbundgesellschaft mbH,46483024,88.25
77,77.0,140993358.0,1.0,Bayernwald Früchteverwertung GmbH,,Schwanenkirchner Str. 28,94491.0,Hengersberg,09901/180,09901/18175,www.bayernwald.de,,,,,,,'15.8,Sonstiges Ernährungsgewerbe (ohne Getränkeherstellung),'nan,,'nan,,,,,,,Hengersberg,,Bayern,9901.0,94440.0,7566.0,45*8,DEG,48°46´8.50043 13°3´40.739940,1.0,,DEUTSCHLAND,101 bis 500,Gemeindliche Werke Hengersberg* gesamtes Stromnetz,94491001,119.3
78,78.0,196496920.0,1.0,Marten Vertriebs GmbH & Co. KG,,Bismarckstr. 25,33330.0,Gütersloh,05241/87801,05241/878456,www.marten.de,info@marten.de,,,,,,'51.1,Handelsvermittlung,15.13.0,Fleischverarbeitung,'nan,,,,,,,Innenstadt,,Nordrhein-Westfalen,5241.0,33240.0,96168.0,111*99,GT,51°54´39.770532 8°22´37.779563,1.0,Großhandel* Vertrieb* Ex-* Import,DEUTSCHLAND,101 bis 500,Netzgesellschaft Gütersloh mbH,33330001,75.04
86,86.0,166344448.0,1.0,Eckes-Granini Deutschland GmbH,,Pröhlsfeld 6,29683.0,Bad Fallingbostel,05162/4070,,,,,,,,,15.32.0,Herstellung von Frucht- und Gemüsesäften,'nan,,'nan,,,,,,,Fallingbostel,,Niedersachsen,5162.0,29650.0,11820.0,63*49,SFA,52°51´35.199791 9°41´25.512252,2.0,,DEUTSCHLAND,101 bis 500,SW Böhmetal* Stammgebiet,29664001,92.42
101,101.0,112374478.0,1.0,Steinhaus GmbH,,Tenter Weg 13,42897.0,Remscheid,02191/6950,02191/695270,www.steinhaus.net,service@steinhaus.net,,,,,,'15.1,Schlachten und Fleischverarbeitung,15.13.0,Fleischverarbeitung,'nan,,,,,,,Lennep,,Nordrhein-Westfalen,2191.0,42800.0,116827.0,74*6,RS,51°10´44.314248 7°14´53.377836,1.0,Fleisch- und Wurstwaren,DEUTSCHLAND,101 bis 500,EWR GmbH* gesamtes Stromnetz,42853001,77.79
103,103.0,157778107.0,1.0,Rheintal Tiefkühlkost Zweigniederlassung,der Frosta AG,Industriestr. 4,67240.0,Bobenheim-Roxheim,06239/8070,,,,,,,,,'15.89,Herstellung von sonstigen Nahrungsmitteln (ohne Getränke),'nan,,'nan,,,,,,,Roxheim,,Rheinland-Pfalz,6239.0,67200.0,10136.0,20*45,LU,49°34´21.143243 8°21´43.567452,2.0,,DEUTSCHLAND,101 bis 500,Gemeindewerke Bobenheim-Roxheim GmbH* gesamtes Stromnetz,67240001,70.53
105,105.0,172250925.0,1.0,Rila Feinkost-Importe GmbH & Co. KG,,Hinterm Teich 5,32351.0,Stemwede,05745/9450,05745/945139,www.rila.de,kontakt@rila.de,,,,,,'15.8,Sonstiges Ernährungsgewerbe (ohne Getränkeherstellung),'51.1,Handelsvermittlung,'55.30,Speisengeprägte Gastronomie,,,,,,Levern,,Nordrhein-Westfalen,5773.0,32290.0,14549.0,166*13,MI,52°21´59.825339 8°26´8.570759,1.0,Feinkost,DEUTSCHLAND,101 bis 500,Westnetz GmbH- Grundversorgung Elektrizitätsgesellschaft Levern eG -,46483019,88.25
107,107.0,126126946.0,1.0,Frankfurter Brauhaus GmbH,,Lebuser Chaussee 3,15234.0,Frankfurt,0335/6610,,www.frankfurterpilsener.de,kontakt@frankfurter-brauhaus.de,,,,,,'55,Gastgewerbe,15.96.0,Herstellung von Bier,'nan,,DE231522729,,,,,Frankfurt,Oder,Brandenburg,335.0,15200.0,65242.0,147*62,FF,52°22´1.6572 14°31´38.463132,1.0,Gaststätten und Restaurants,DEUTSCHLAND,101 bis 500,Netzgesellschaft Frankfurt (Oder) mbH* gesamtes Stromnetz,15230001,68.15
108,108.0,124863000.0,1.0,Barbarossabäckerei GmbH & Co. KG,,Marie-Curie-Str. 2,67661.0,Kaiserslautern,06301/32000,06301/320070,www.barbarossa-baeckerei.de,info@barbarossa-baeckerei.de,,,,,,15.81.1,Herstellung von Backwaren (ohne Konditor- und Dauerbackwaren),'nan,,'nan,,DE213935159,,,,,Siegelbach,,Rheinland-Pfalz,631.0,67600.0,99182.0,139*72,KL,49°28´55.554960 7°40´50.868227,1.0,Bäckereien,DEUTSCHLAND,501-1000,SWK Stadtwerke Kaiserslautern Versorgungs-AG,67659002,96.91
111,111.0,158791989.0,1.0,Halberstädter Bäcker und Konditoren GmbH,,Klusstr. 28,38820.0,Halberstadt,03941/623115,03941/623129,www.halberstaedter-baecker.de,info@halberstaedter-baecker.de,,,,,,15.81.2,Herstellung von Konditorwaren,15.81.1,Herstellung von Backwaren (ohne Konditor- und Dauerbackwaren),'nan,,,,,,,Halberstadt,,Sachsen-Anhalt,3941.0,38800.0,39878.0,82*22,HZ,51°52´56.608176 11°3´20.659247,1.0,Konditoreien,DEUTSCHLAND,101 bis 500,HALBERSTADTWERKE GmbH,38820001,111.0
128,128.0,194499958.0,1.0,Färber Emil GmbH & Co. KG,,Karl-Friedrich-Str. 98,79312.0,Emmendingen,07641/5860,07641/586206,www.faerber.de,info@faerber.de,,,,,,15.13.0,Fleischverarbeitung,'75,Öffentliche Verwaltung* Verteidigung* Sozialversicherung,'nan,,,,,,,Emmendingen,,Baden-Württemberg,7641.0,79300.0,26110.0,33*78,EM,48°7´28.949591 7°50´11.432363,1.0,Fleischwaren,DEUTSCHLAND,1001 bis 5000,Stadtwerke Emmendingen GmbH,79312001,51.98
129,129.0,171777050.0,1.0,Häuser GmbH,,Daimlerstr. 10,63741.0,Aschaffenburg,06021/3633,06021/363444,www.metzgereihaeuser.de,,,,,,,15.13.0,Fleischverarbeitung,15.11.2001,Schlachten (ohne Schlachten von Geflügel* Talgschmelzen und Schmalzsiedereien),52.22.0,Einzelhandel mit Fleisch* Fleischwaren* Geflügel und Wild,,,,,,Strietwald,,Bayern,6021.0,63700.0,68703.0,62*5,AB,49°59´6.195047 9°6´42.638615,1.0,Fleischwaren,DEUTSCHLAND,101 bis 500,Aschaffenburger Versorgungs GmbH (Regelgebiet transpower) Hafengebiet,63739004,58.02
138,138.0,103997124.0,1.0,Sternquell-Brauerei GmbH,,Dobenaustr. 83,8523.0,Plauen,03741/211254,03741/211257,www.sternquell.de,Info@Sternquell.de,,,,,,15.96.0,Herstellung von Bier,52.63.4,Sonstiger Einzelhandel* anderweitig nicht genannt (nicht in Verkaufsräumen),'nan,,DE141245131,,,,,Stadtmitte,,Sachsen,3741.0,8500.0,69422.0,102*12,V,50°29´56.781743 12°7´35.549328,1.0,Brauereien,DEUTSCHLAND,101 bis 500,Verteilnetz Plauen GmbH* gesamtes Stromnetz,6112401,93.63
140,140.0,191263432.0,1.0,Käserei Bayreuth e.G.,,Bindlacher Str. 12,95448.0,Bayreuth,0921/79760,,,,,,,,,'91.33,Interessenvertretungen und Vereinigungen* anderweitig nicht genannt,15.51.0,Milchverarbeitung,'nan,,,,,,,Industriegebiet,,Bayern,921.0,95400.0,74548.0,66*95,BT,49°58´1.805844 11°36´26.879075,2.0,Genossenschaften,DEUTSCHLAND,101 bis 500,BEW Bayreuth* gesamtes Stromnetz,95447001,85.51
145,145.0,198504321.0,1.0,Odenwald-Quelle GmbH & Co. KG,,Ludwigstr. 100,64646.0,Heppenheim,06252/1230,0800/0123222,www.odenwald-quelle.de,info@odenwald-quelle.de,,,,,,'93,Erbringung von sonstigen Dienstleistungen,'15.98,Gewinnung natürlicher Mineralwässer* Herstellung von Erfrischungsgetränken,74.87.8,Erbringung von sonstigen wirtschaftlichen Dienstleistungen für Unternehmen und Privatpersonen* anderweitig nicht genannt,,,,,,Heppenheim,Bergstraße,Hessen,6252.0,64600.0,25388.0,52*14,HP,49°37´29.827416 8°38´34.565315,1.0,Dienstleistungen und Service,DEUTSCHLAND,101 bis 500,Stadtwerke Weinheim GmbH,69469001,93.03
155,155.0,177228183.0,1.0,Herta Produktions GmbH,,Westerholter Str. 750-770,45701.0,Herten,,,,,,,,,,'15.13,Fleischverarbeitung,'nan,,'nan,,,Recklinghausen,HRB 5494,Aenderung,20120620.0,Scherlebeck,,Nordrhein-Westfalen,2366.0,45600.0,65265.0,37*32,RE,51°36´15.744167 7°6´43.986023,1.0,,DEUTSCHLAND,1001 bis 5000,Hertener Stadtwerke GmbH* gesamtes Stromnetz,45699001,41.58
156,156.0,143456024.0,1.0,Herta GmbH,,Westerholter Str. 750-770,45701.0,Herten,02366/3010,02366/301370,www.herta.de,info@herta.de,,,,,,15.13.0,Fleischverarbeitung,'nan,,'nan,,DE170869663,,,,,Scherlebeck,,Nordrhein-Westfalen,2366.0,45600.0,65265.0,37*32,RE,51°36´15.744167 7°6´43.986023,1.0,,DEUTSCHLAND,501-1000,Hertener Stadtwerke GmbH* gesamtes Stromnetz,45699001,41.58
162,162.0,125165515.0,1.0,Bergland Naturkäse GmbH,,Hauptstr. 71,88161.0,Lindenberg,08381/9100,,,,,,,,,15.51.0,Milchverarbeitung,'nan,,'nan,,,,,,,Lindenberg,im Allgäu,Bayern,8381.0,88150.0,11438.0,11*85,LI,47°35´59.596260 9°53´7.497564,2.0,,DEUTSCHLAND,101 bis 500,E-Netze Allgäu* gesamtes Stromnetz,88161101,77.64
163,163.0,107175160.0,1.0,Rietsch Walter Fleischwarenfabrik GmbH,,Von-Bronsart-Str. 4,22885.0,Barsbüttel,040/11670857,040/6701530,www.rietsch-fleischwaren.de,info@rietsch-fleischwaren.de,,,,,,15.13.0,Fleischverarbeitung,'nan,,'nan,,,,,,,Barsbüttel,,Schleswig-Holstein,40.0,22000.0,12322.0,24*68,OD,53°34´10.89443 10°11´13.116336,1.0,Fleisch und Wurstkonserven,DEUTSCHLAND,101 bis 500,e-werk Sachsenwald GmbH - Grundversorgung E.On Energie Deutschland GmbH,21465002,127.25
164,164.0,185299770.0,1.0,Ehrmann AG,,Hauptstr. 19,87770.0,Oberschönegg,08333/3010,08333/301310,www.ehrmann.com,info@ehrmann.de,,,,,,15.51.0,Milchverarbeitung,'nan,,'nan,,,,,,,Dietershofen,,Bayern,8333.0,87680.0,967.0,18*28,MN,48°6´25.812000 10°17´59.64000,1.0,Milchindustrie,DEUTSCHLAND,101 bis 500,LEW Verteilnetz GmbH - Grundversorger EW Krumbach,86150002,93.12
165,165.0,186228898.0,1.0,Klemme AG,,Industriestr. 4,6295.0,Lutherstadt Eisleben,03475/7290,03475/729222,www.klemme-ag.com,info@klemme-ag.com,,,,,,'15.89,Herstellung von sonstigen Nahrungsmitteln (ohne Getränke),'nan,,'nan,,,Stendal,HRB 212874,Aenderung,20120611.0,Lutherstadt Eisleben,,Sachsen-Anhalt,3475.0,6280.0,24690.0,91*55,MSH,51°30´12.334716 11°35´25.64303,1.0,,DEUTSCHLAND,501-1000,Stadtwerke Lutherstadt Eisleben GmbH,6295001,126.15
173,173.0,116062819.0,1.0,Brohler Mineral- und Heilbrunnen GmbH,,Koblenzer Str. 71-73,56656.0,Brohl-Lützing,02633/2930,02633/29343,www.brohler.de,info@brohler.de,,,,,,'15.98,Gewinnung natürlicher Mineralwässer* Herstellung von Erfrischungsgetränken,'nan,,'nan,,DE149273400,,,,,Brohl,,Rheinland-Pfalz,2633.0,56600.0,2693.0,9*23,AW,50°29´21.936011 7°19´23.412359,1.0,Mineralwasser und -brunnen,DEUTSCHLAND,101 bis 500,SW Andernach* gesamtes Netzgebiet,56626001,81.38
174,174.0,126776188.0,1.0,Sektkellerei Schloß Wachenheim AG,,Niederkircher Str. 27,54294.0,Trier,0651/99880,0651/9988126,www.schloss-wachenheim.de,info@schloss-wachenheim.de,,,,,,15.93.0,Herstellung von Traubenwein,'nan,,'nan,,DE149371574,,,,,Zewen,,Rheinland-Pfalz,651.0,54181.0,100163.0,117*14,TR,49°43´24.52512 6°35´52.681811,1.0,Spirituosen- und Weinhersteller,DEUTSCHLAND,101 bis 500,SWT Stadtwerke Trier Versorgungs-GmbH* gesamtes Stromnetz,54290001,78.71
177,177.0,172321530.0,1.0,Raiffeisen-Kraftfutterwerke Süd GmbH,,Nördliche Hafenstr. 12,97080.0,Würzburg,0931/902423,0931/902360,www.desintec.de,,,,,,,'15.7,Herstellung von Futtermitteln,'nan,,'nan,,,,,,,Dürrbachau,,Bayern,931.0,97000.0,133539.0,87*55,WÜ,49°48´1.631519 9°53´7.927691,1.0,Futtermittel,DEUTSCHLAND,101 bis 500,Mainfranken Netze GmbH - Netz Stadtwerke Würzburg AG,97070001,88.03
181,181.0,115756338.0,1.0,Eggelbusch Heinrich,Fleischwarenfabrikation GmbH & Co.,In der Heide 20,33428.0,Harsewinkel,02588/93000,02588/930033,www.eggelbusch.de,info@eggelbusch.de,,,,,,15.13.0,Fleischverarbeitung,'nan,,'nan,,,,,,,Harsewinkel,,Nordrhein-Westfalen,5247.0,33240.0,24206.0,100*45,GT,51°59´1.958135 8°10´10.642223,1.0,Fleisch und Wurstkonserven,DEUTSCHLAND,101 bis 500,SW Harsewinkel* gesamtes Netzgebiet,33428001,63.55
183,183.0,164826422.0,1.0,Xaver Fassin GmbH,,Dechant-Sprünken-Str. 53-57,46446.0,Emmerich,02822/6010,02822/601214,www.gletschereis.de,info@katjes.de,,,,,,15.84.0,Herstellung von Süßwaren (ohne Dauerbackwaren),'nan,,'nan,,DE120095766,Kleve,HRB 2760,Aenderung,20100625.0,Emmerich,am Rhein,Nordrhein-Westfalen,2822.0,46420.0,29390.0,80*1,KLE,51°50´32.7408 6°16´20.347140,1.0,,DEUTSCHLAND,101 bis 500,Stadtwerke Emmerich GmbH* gesamtes Stromnetz,46446001,45.39
186,186.0,129269386.0,1.0,Katjes Holding GmbH & Co. KG,,Dechant-Sprünken-Str. 53-57,46446.0,Emmerich,,,,,,,,,,15.84.0,Herstellung von Süßwaren (ohne Dauerbackwaren),'nan,,'nan,,,Kleve,HRA 3673,Aenderung,20110708.0,Emmerich,am Rhein,Nordrhein-Westfalen,2822.0,46420.0,29390.0,80*1,KLE,51°50´32.7408 6°16´20.347140,1.0,,DEUTSCHLAND,101 bis 500,Stadtwerke Emmerich GmbH* gesamtes Stromnetz,46446001,45.39
187,187.0,148335680.0,1.0,Katjes Fassin GmbH & Co. KG,,Dechant-Sprünken-Str. 53-57,46446.0,Emmerich,,,,,,,,,,15.84.0,Herstellung von Süßwaren (ohne Dauerbackwaren),'nan,,'nan,,,Kleve,HRA 1061,Aenderung,20110708.0,Emmerich,am Rhein,Nordrhein-Westfalen,2822.0,46420.0,29390.0,80*1,KLE,51°50´32.7408 6°16´20.347140,1.0,,DEUTSCHLAND,101 bis 500,Stadtwerke Emmerich GmbH* gesamtes Stromnetz,46446001,45.39
188,188.0,181006435.0,1.0,Katjes Bonbon GmbH & Co. KG,,Dechant-Sprünken-Str. 53-57,46446.0,Emmerich,,,,,,,,,,15.84.0,Herstellung von Süßwaren (ohne Dauerbackwaren),'nan,,'nan,,,Potsdam,HRA 3936 P,Aenderung,20110809.0,Emmerich,am Rhein,Nordrhein-Westfalen,2822.0,46420.0,29390.0,80*1,KLE,51°50´32.7408 6°16´20.347140,1.0,,DEUTSCHLAND,101 bis 500,Stadtwerke Emmerich GmbH* gesamtes Stromnetz,46446001,45.39
194,194.0,190824504.0,1.0,Baackes & Heimes GmbH,,Eintrachtstr. 43,41751.0,Viersen,02162/48920,02162/489219,www.baackes-heimes.de,,,,,,,51.87.3,Großhandel mit sonstigen Ausrüstungen und Zubehör für Maschinen sowie technischem Bedarf,15.51.0,Milchverarbeitung,74.82.0,Abfüll- und Verpackungsgewerbe,,,,,,Dülken,,Nordrhein-Westfalen,2162.0,41700.0,76485.0,91*07,VIE,51°14´52.843523 6°20´18.164292,1.0,Verpackungsmaterial,DEUTSCHLAND,101 bis 500,NEW Netz GmbH - Grundversorgung NEW Viersen GmbH -,52511305,68.88
195,195.0,151707893.0,1.0,Hasseröder Brauerei GmbH,,Auerhahnring 1,38855.0,Wernigerode,03943/9360,03943/632140,www.hasseroeder.de,info@hasseroeder.de,,,,,,15.96.0,Herstellung von Bier,'nan,,'nan,,,,,,,Wernigerode,,Sachsen-Anhalt,3943.0,38840.0,34335.0,125*17,HZ,51°50´45.871440 10°45´8.199324,1.0,Brauereien,DEUTSCHLAND,101 bis 500,Stadtwerke Wernigerode GmbH,38855001,108.92
201,201.0,199780339.0,1.0,Glocken-Beune GmbH & Co.,,Hesselteicher Str. 16,33829.0,Borgholzhausen,05425/94490,05425/5048,www.beune.de,info@glocken-beune.de,,,,,,15.13.0,Fleischverarbeitung,'nan,,'nan,,,,,,,Oldendorf,,Nordrhein-Westfalen,5425.0,33500.0,8725.0,55*85,GT,52°4´40.301544 8°15´46.120607,1.0,Fleisch und Wurstkonserven,DEUTSCHLAND,101 bis 500,SWV Regional* Außengebiet Bad Rothefelde und Dissen,33775202,57.66
206,206.0,177851147.0,1.0,bofrost Dienstleistungs GmbH,,An der Oelmühle 6,47638.0,Straelen,02834/7070,02834/707117,www.mit-bofrost.ch,,Geschf.,Herr,,Carsten,Teschner,'15.89,Herstellung von sonstigen Nahrungsmitteln (ohne Getränke),'74.87,Erbringung von wirtschaftlichen Dienstleistungen für Unternehmen und Privatpersonen* anderweitig nicht genannt,'nan,,,Kleve,HRB 3794,Aenderung,20120622.0,Straelen,,Nordrhein-Westfalen,2834.0,47590.0,15392.0,74*04,KLE,51°26´35.979323 6°16´47.321616,1.0,,DEUTSCHLAND,501-1000,NG Niederrhein* Netz Wachtendonk GV innogy SE,47804203,94.4
207,207.0,138783886.0,1.0,Kronenbrot KG,,Fronhofstr. 30,52146.0,Würselen,02405/484277,02405/484264,www.kronenbrot.de,info@kronenbrot.de,,,,,,15.81.1,Herstellung von Backwaren (ohne Konditor- und Dauerbackwaren),'nan,,'nan,,,,,,,Broichweiden,,Nordrhein-Westfalen,2405.0,52000.0,37130.0,34*39,AC,50°50´22.300367 6°10´49.107432,1.0,,DEUTSCHLAND,501-1000,enwor - energie & wasser vor ort GmbH* gesamtes Stromnetz,52134001,87.74
209,209.0,114669351.0,1.0,Brezelbäckerei Ditsch GmbH,,Robert-Bosch-Str. 44,55129.0,Mainz,06131/99570,06131/995730,www.ditsch.de,info@ditsch.de,,,,,,15.81.1,Herstellung von Backwaren (ohne Konditor- und Dauerbackwaren),'nan,,'nan,,DE811278767,,,,,Hechtsheim,,Rheinland-Pfalz,6131.0,55000.0,186061.0,97*75,MZ,49°57´28.497815 8°15´15.299603,1.0,Bäckereien,DEUTSCHLAND,101 bis 500,Mainzer Netze* Grundversorger entega,55118101,102.26
217,217.0,167394433.0,1.0,Kinkartz Wilhelm GmbH & Co. KG,,Nassauer Str. 31-33,52146.0,Würselen,02405/7090,02405/709289,,,,,,,,'51.1,Handelsvermittlung,15.81.1,Herstellung von Backwaren (ohne Konditor- und Dauerbackwaren),'nan,,,,,,,Broichweiden,,Nordrhein-Westfalen,2405.0,52000.0,37130.0,34*39,AC,50°49´41.428848 6°10´9.635339,2.0,Großhandel* Vertrieb* Ex-* Import,DEUTSCHLAND,101 bis 500,enwor - energie & wasser vor ort GmbH* gesamtes Stromnetz,52134001,87.74
222,222.0,121167344.0,1.0,Meininger Wurstspezialitäten,aus Thüringen GmbH,An der Winde 14,98617.0,Meiningen,03693/94180,03693/941827,www.meininger-wurst.de,,,,,,,15.13.0,Fleischverarbeitung,'nan,,'nan,,,,,,,Dreißigacker,,Thüringen,3693.0,98600.0,21686.0,41*38,SM,50°33´35.108927 10°21´41.20992,1.0,,DEUTSCHLAND,101 bis 500,Stadtwerke Meiningen GmbH-GV Thüringer Energie AG,98617102,74.12
224,224.0,155850480.0,1.0,Vivil A.Müller GmbH & Co. KG,,Moltkestr. 33,77654.0,Offenburg,0781/4780,0781/478175,www.vivil.de,info@vivil.de,,,,,,15.84.0,Herstellung von Süßwaren (ohne Dauerbackwaren),'nan,,'nan,,DE142540239,,,,,Nordoststadt,,Baden-Württemberg,781.0,,58810.0,78*39,OG,48°28´1.662527 7°57´19.18044,1.0,,DEUTSCHLAND,101 bis 500,Netze Mittelbaden,77933001,78.79
228,228.0,148646803.0,1.0,Südfleisch Waldkraiburg GmbH,,Traunreuter Str. 7,84478.0,Waldkraiburg,08638/6060,,,,Geschf.,Herr,,Klaus,Erber,15.13.0,Fleischverarbeitung,'nan,,'nan,,,Traunstein,HRB 18517,Aenderung,20121114.0,Waldkraiburg,,Bayern,8638.0,84440.0,24415.0,21*53,MÜ,48°12´58.685040 12°24´55.257047,1.0,,DEUTSCHLAND,101 bis 500,Stadtwerke Waldkraiburg GmbH* gesamtes Stromnetz,84478001,67.59
229,229.0,166734126.0,1.0,The Lorenz Bahlsen Snack-World GmbH & Co. KG,,Industriestr. 11,92431.0,Neunburg,09672/460,09672/3826,,,,,,,,15.81.1,Herstellung von Backwaren (ohne Konditor- und Dauerbackwaren),'nan,,'nan,,,,,,,Neunburg,vorm Wald,Bayern,9672.0,92400.0,8223.0,110*16,SAD,49°20´14.96868 12°24´9.895428,2.0,,DEUTSCHLAND,101 bis 500,Stadtwerke Neunburg vorm Wald Strom GmbH* gesamtes Stromnetz,92431001,60.83
233,233.0,120983095.0,1.0,Hochwald Sprudel Schupp GmbH,,Am Sauerbrunnen 25-33,55767.0,Schwollen,06787/1010,06787/101119,www.hochwald-sprudel.de,info@hochwald-sprudel.de,,,,,,'15.98,Gewinnung natürlicher Mineralwässer* Herstellung von Erfrischungsgetränken,'nan,,'nan,,,,,,,,,Rheinland-Pfalz,6787.0,55700.0,472.0,8*83,BIR,49°42´26.866187 7°10´8.467716,1.0,,DEUTSCHLAND,101 bis 500,Westnetz GmbH- Pachtnetz OIE,46483006,88.25
235,235.0,190333523.0,1.0,Hansa-Heemann AG,,Halstenbeker Weg 98,25462.0,Rellingen,,,,,,,,,,'15.98,Gewinnung natürlicher Mineralwässer* Herstellung von Erfrischungsgetränken,'nan,,'nan,,,Pinneberg,HRB 3619 PI,Aenderung,20100205.0,,,Schleswig-Holstein,4101.0,25400.0,13726.0,13*19,PI,53°38´37.270464 9°50´22.848791,1.0,,DEUTSCHLAND,101 bis 500,SW Elmshorn* ehemals Netzgebeit SH-Netz,25336003,107.94
241,241.0,109585902.0,1.0,Halloren Schokoladenfabrik AG,,Delitzscher Str. 70,6112.0,Halle,0345/56420,0345/5642299,www.halloren.de,info@halloren.de,,,,,,15.84.0,Herstellung von Süßwaren (ohne Dauerbackwaren),'nan,,'nan,,DE139650436,,,,,Innenstadt,Saale,Sachsen-Anhalt,345.0,6000.0,238497.0,135*01,HAL,51°28´41.415455 12°0´28.278971,1.0,Süßwaren,DEUTSCHLAND,101 bis 500,Energieversorgung Halle Netz GmbH* gesamtes Stromnetz,6112001,114.14
244,244.0,121151444.0,1.0,Privatbrauerei Wittingen GmbH,,Ernst-Stackmann-Str. 7,29378.0,Wittingen,05831/2550,05831/25569,www.wittinger.com,Info@wittinger.com,,,,,,15.96.0,Herstellung von Bier,'nan,,'nan,,,,,,,Wittingen,,Niedersachsen,5831.0,29370.0,12291.0,225*09,GF,52°43´35.791787 10°44´38.362307,1.0,Brauereien,DEUTSCHLAND,101 bis 500,LSW Netz GmbH & Co.KG,38440201,125.45
246,246.0,166971776.0,1.0,Frankonia Schokoladenwerke GmbH,,Daimlerstr. 9,97209.0,Veitshöchheim,0931/970460,0931/9704691,,,,,,,,15.84.0,Herstellung von Süßwaren (ohne Dauerbackwaren),'nan,,'nan,,,,,,,Veitshöchheim,,Bayern,931.0,97000.0,10112.0,10*76,WÜ,49°49´52.330008 9°54´15.695243,2.0,Süßwaren,DEUTSCHLAND,101 bis 500,Energieversorgung Lohr-Karlstadt und Umgebung GmbH & Co. KG* gesamtes Stromnetz,97753001,110.23
250,250.0,171443087.0,2.0,Albert Schiller,,Luisenburgstr. 21,95032.0,Hof,09281/730810,09281/7308110,www.metzgerei-schiller.com,info@metzgerei-schiller.com,Inh.,Herr,,Albert,Schiller,15.13.0,Fleischverarbeitung,52.22.0,Einzelhandel mit Fleisch* Fleischwaren* Geflügel und Wild,'nan,,,,,,,Innenstadt,,Bayern,9281.0,95000.0,49163.0,58*02,HO,50°17´32.445743 11°55´7.716755,1.0,Fleisch und Wurstkonserven,DEUTSCHLAND,101 bis 500,HEW HofEnergie+Wasser GmbH* gesamtes Stromnetz,95028001,95.63
252,252.0,126630305.0,1.0,Selters Mineralquelle Augusta Victoria GmbH,,Seltersweg 1,35792.0,Löhnberg,06471/6090,06471/60949,www.selters.de,info@selters.de,,,,,,'15.98,Gewinnung natürlicher Mineralwässer* Herstellung von Erfrischungsgetränken,'75,Öffentliche Verwaltung* Verteidigung* Sozialversicherung,'nan,,,,,,,Löhnberg,,Hessen,6471.0,35770.0,4480.0,33*85,LM,50°30´47.986019 8°16´26.576471,1.0,Mineralwasser und -brunnen,DEUTSCHLAND,101 bis 500,Syna GmbH (Regelgebiet Amprion),65929201,80.07
253,253.0,132301261.0,1.0,Schapfenmühle,,Franzenhauserweg 21,89081.0,Ulm,0731/967460,0731/9674650,www.schapfenmuehle.de,info@schapfenmuehle.de,,,,,,'15.7,Herstellung von Futtermitteln,'nan,,'nan,,,,,,,Jungingen,,Baden-Württemberg,731.0,89000.0,120107.0,118*69,UL,48°25´54.455555 9°59´2.709600,1.0,Nahrungs- und Nährmittelhersteller,DEUTSCHLAND,101 bis 500,SWU Netze* (Regelgebiet ENBW),89073001,87.84
257,257.0,180286293.0,1.0,Milchwerk Jäger GmbH,,Hauptstr. 38,83527.0,Haag,08072/91890,08072/918990,www.milchwerk-jaeger.de,information@milchwerk-jaeger.de,,,,,,15.51.0,Milchverarbeitung,'nan,,'nan,,,,,,,Haag,in Oberbayern,Bayern,8072.0,83500.0,6211.0,20*43,MÜ,48°9´42.477840 12°10´55.741655,1.0,Milchindustrie,DEUTSCHLAND,101 bis 500,KWH Netz GmbH* gesamtes Stromnetz,83527001,89.84
259,259.0,117603120.0,1.0,Erlenbacher Backwaren GmbH,,Wasserweg 39,64521.0,Groß-Gerau,06152/8030,06152/803347,www.erlenbacher.de,contact@erlenbacher.com,,,,,,15.81.1,Herstellung von Backwaren (ohne Konditor- und Dauerbackwaren),'nan,,'nan,,,,,,,Groß-Gerau,,Hessen,6152.0,64500.0,23519.0,54*47,GG,49°55´29.692812 8°29´54.491244,1.0,Bäckereien,DEUTSCHLAND,101 bis 500,Stadtwerke Groß-Gerau Versorgungs GmbH* gesamtes Stromnetz,64521001,91.99
276,276.0,113121272.0,1.0,Westfleisch e.G.,,Rote Mühle 54,32312.0,Lübbecke,05741/2780,05741/2785179,,,,,,,,'91.33,Interessenvertretungen und Vereinigungen* anderweitig nicht genannt,15.13.0,Fleischverarbeitung,'nan,,,,,,,Lübbecke,,Nordrhein-Westfalen,5741.0,32290.0,26263.0,65*04,MI,52°18´56.27807 8°37´13.936008,2.0,,DEUTSCHLAND,101 bis 500,Netzgesellschaft Lübbecke mbH* gesamtes Stromnetz,32312001,81.27
283,283.0,150210959.0,1.0,Schwermer Dietrich Stiel GmbH,,Königsberger Str. 30,86825.0,Bad Wörishofen,08247/35080,,www.schwermer.de,,,,,,,15.84.0,Herstellung von Süßwaren (ohne Dauerbackwaren),'nan,,'nan,,,,,,,Gartenstadt,,Bayern,8247.0,86800.0,13930.0,57*8,MN,48°0´36.326915 10°36´55.46088,1.0,,DEUTSCHLAND,101 bis 500,Stadtwerke Bad Wörishofen* gesamtes Stromnetz,86825001,74.18
285,285.0,186611870.0,1.0,heiß und kalt getränke und catering GmbH,,Dr.-Rudolf-Schieber-Str. 12,73463.0,Westhausen,07363/95260,07363/952695,www.shop-heiss-und-kalt.de,,,,,,,55.52.0,Caterer,'15.9,Herstellung von Getränken,'52,Einzelhandel (ohne Handel mit Kraftfahrzeugen und ohne Tankstellen)* Reparatur von Gebrauchsgütern,DE144636794,,,,,Westhausen,,Baden-Württemberg,7363.0,73400.0,5885.0,38*46,AA,48°52´54.763031 10°10´51.215987,1.0,Catering,DEUTSCHLAND,101 bis 500,NG Ostwürttemberg* gesamtes Netzgebiet,73479001,98.69
286,286.0,121233810.0,1.0,DMK Deutsches Milchkontor GmbH,,Industriestr. 27,27404.0,Zeven,04281/720,04281/72297,www.dmk.de,info@dmk.de,Geschf.,Herr,Dr.,Dirk,Gloy,'15.52,Herstellung von Speiseeis,'nan,,'nan,,,Tostedt,HRB 203044,Aenderung,20120817.0,Zeven,,Niedersachsen,4281.0,27390.0,12602.0,73*9,ROW,53°16´42.542436 9°18´25.584299,1.0,,DEUTSCHLAND,101 bis 500,Stadtwerke Zeven GmbH,27404001,66.52
287,287.0,110435358.0,1.0,Deutsches Milchkontor e.G.,,Industriestr. 27,27404.0,Zeven,,,,,,,,,,'15.52,Herstellung von Speiseeis,'nan,,'nan,,,Tostedt,GnR 120009,Aenderung,20121205.0,Zeven,,Niedersachsen,4281.0,27390.0,12602.0,73*9,ROW,53°16´42.542436 9°18´25.584299,1.0,,DEUTSCHLAND,101 bis 500,Stadtwerke Zeven GmbH,27404001,66.52
288,288.0,176926243.0,1.0,Grossmann Feinkost GmbH,,Liebigstr. 3,21465.0,Reinbek,040/727750,040/7226011,www.grossmann-feinkost-gmbh.de,Kundenservice@grossmann-feinkost.de,,,,,,'15.8,Sonstiges Ernährungsgewerbe (ohne Getränkeherstellung),'nan,,'nan,,DE229749415,,,,,,,Schleswig-Holstein,40.0,21450.0,25636.0,31*23,OD,53°31´18.21576 10°13´56.89884,1.0,Feinkost,DEUTSCHLAND,101 bis 500,e-werk Sachsenwald GmbH,21465001,127.25
300,300.0,116996680.0,1.0,Rosen Eiskrem GmbH,,Brauereistr. 17,52525.0,Waldfeucht,02452/99770,,www.roseneis.de,,,,,,,'15.52,Herstellung von Speiseeis,'nan,,'nan,,DE811247536,,,,,Haaren,,Nordrhein-Westfalen,2455.0,52500.0,9685.0,30*27,HS,51°5´25.343051 6°2´14.842319,1.0,,DEUTSCHLAND,101 bis 500,Veolia Industriepark* Industrienetz Oberbruch,52525102,100.21
308,308.0,145581162.0,1.0,Zimmermann GmbH,,Max-Planck-Str. 20,40699.0,Erkrath,0211/208249,0211/252580,,,,,,,,15.81.1,Herstellung von Backwaren (ohne Konditor- und Dauerbackwaren),'nan,,'nan,,,,,,,Unterfeldhaus,,Nordrhein-Westfalen,2104.0,40000.0,47807.0,26*86,ME,51°11´47.492232 6°55´4.662696,2.0,,DEUTSCHLAND,101 bis 500,Stadtwerke Erkrath GmbH* gesamtes Stromnetz,40699001,65.55
319,319.0,168603662.0,1.0,Franken Brunnen GmbH & Co. KG,,Illesheimer Str. 15,91438.0,Bad Windsheim,09841/66100,09841/661025,www.residenzquelle.de,info@residenzquelle.de,,,,,,'15.98,Gewinnung natürlicher Mineralwässer* Herstellung von Erfrischungsgetränken,'nan,,'nan,,,,,,,Bad Windsheim,,Bayern,9841.0,91400.0,12113.0,78*25,NEA,49°29´41.322552 10°24´4.609512,1.0,,DEUTSCHLAND,101 bis 500,Stadtwerke Bad Windsheim* gesamtes Stromnetz,91438001,126.81
321,321.0,198980209.0,1.0,Heideblume Molkerei Elsdorf-Rotenburg e.G.,,Molkereistr. 6,27404.0,Elsdorf,04286/93000,04286/930070,www.molkerei-heideblume.de,,,,,,,'91.33,Interessenvertretungen und Vereinigungen* anderweitig nicht genannt,15.51.0,Milchverarbeitung,'nan,,DE116924216,,,,,Elsdorf,,Niedersachsen,4286.0,27390.0,2083.0,49*01,ROW,53°14´19.813848 9°20´59.878176,1.0,Genossenschaften,DEUTSCHLAND,101 bis 500,Stadtwerke Zeven GmbH,27404001,66.52
322,322.0,146128955.0,1.0,Cargill GmbH,,Rüdekenstr. 51,38239.0,Salzgitter,05341/2240,05341/224888,,,,,,,,15.96.0,Herstellung von Bier,15.97.0,Herstellung von Malz,15.41.0,Herstellung von rohen Ölen und Fetten,,,,,,Beddingen,,Niedersachsen,5341.0,38200.0,108763.0,223*91,SZ,52°11´34.674396 10°25´35.554115,2.0,Brauereien,DEUTSCHLAND,101 bis 500,Avacon* Grundversorger WEVG GmbH Salzgitter,38345006,123.12
328,328.0,118181464.0,1.0,Feinbäckerei Otten GmbH & Co. KG,,Gewerbestr. Süd 74,41812.0,Erkelenz,02431/96080,02431/960850,www.feinbaeckerei-otten.de,,,,,,,15.81.1,Herstellung von Backwaren (ohne Konditor- und Dauerbackwaren),15.81.2,Herstellung von Konditorwaren,'nan,,,Mönchengladbach,HRA 4534,Aenderung,20091118.0,Erkelenz,,Nordrhein-Westfalen,2431.0,41800.0,44520.0,117*35,HS,51°4´6.837527 6°18´46.841507,1.0,,DEUTSCHLAND,101 bis 500,NEW Netz* GV NEW Niederrhein Energie,52511311,68.88
333,333.0,104304526.0,1.0,Wiberg GmbH,,Eichendorffstr. 25,83395.0,Freilassing,08654/4700,08654/470840,www.wiberg.eu,info@wiberg.eu,,,,,,15.87.0,Herstellung von Würzmitteln und Saucen,'nan,,'nan,,,,,,,Freilassing,,Bayern,8654.0,83380.0,15837.0,14*79,BGL,47°51´13.890636 12°57´42.918623,1.0,,DEUTSCHLAND,101 bis 500,Bayernwerk Netz* Regelgebiet APG,93049002,129.92
347,347.0,151820240.0,1.0,Danone GmbH,,Richard-Reitzner-Allee 1,85540.0,Haar,089/46147043,089/62733335,www.danonecup.de,dnc.germany@danone.com,,,,,,15.51.0,Milchverarbeitung,'nan,,'nan,,,,,,,Haar,,Bayern,89.0,85500.0,17623.0,12*9,M,48°6´47.528495 11°43´57.20771,1.0,Nahrungs- und Nährmittelhersteller,DEUTSCHLAND,101 bis 500,SVH Stromversorgung Haar GmbH* gesamtes Stromnetz,85540001,76.6
349,349.0,141777206.0,1.0,König Ludwig International GmbH & Co. KG,,Schloßstr. 8,82269.0,Geltendorf,08193/9907030,,royal-bavarian-beer-selection.com,info@kaltenberg.com,,,,,,15.96.0,Herstellung von Bier,'nan,,'nan,,,Augsburg,HRA 16309,Neueintragung,20080620.0,Kaltenberg,,Bayern,8193.0,82240.0,5571.0,34*81,LL,48°7´53.167007 10°59´37.657211,1.0,,DEUTSCHLAND,101 bis 500,Stadtwerke Fürstenfeldbruck GmbH* Stammgebiet,82256001,86.33
350,350.0,154017686.0,1.0,Danone GmbH,,Schönfeldstr. 12a,83022.0,Rosenheim,08031/3080,08031/308100,,,,,,,,15.51.0,Milchverarbeitung,'51.1,Handelsvermittlung,'nan,,,,,,,Innenstadt,,Bayern,8031.0,83000.0,60108.0,37*22,RO,47°51´19.753307 12°8´4.6392,2.0,,DEUTSCHLAND,101 bis 500,Stadtwerke Rosenheim Netze GmbH* gesamtes Stromnetz,83022001,90.36
366,366.0,147689236.0,1.0,Goldsteig Käsereien Bayerwald GmbH,,Siechen 11,93413.0,Cham,09971/8440,09971/8441090,www.goldsteig.de,info@goldsteig.de,,,,,,85.32.5,Sonstige soziale Beratungsstellen,15.51.0,Milchverarbeitung,'nan,,,,,,,Siechen,,Bayern,9971.0,93400.0,17322.0,80*68,CHA,49°13´40.770875 12°40´47.999,1.0,Beratungsstellen,DEUTSCHLAND,501-1000,SW Cham* GV E.On Energie Deutschland,93413002,71.04
375,375.0,138530123.0,1.0,Förstina-Sprudel Mineral- und Heilquelle,Ehrhardt & Sohn GmbH & Co.,Rhönstr. 48,36124.0,Eichenzell,06656/570,06656/57500,www.foerstina-sprudel.de,info@foerstina.com,,,,,,'15.98,Gewinnung natürlicher Mineralwässer* Herstellung von Erfrischungsgetränken,'nan,,'nan,,DE112409217,,,,,Lütter,,Hessen,6659.0,36000.0,11006.0,56,FD,50°28´48.641268 9°45´55.129175,1.0,Mineralwasser und -brunnen,DEUTSCHLAND,101 bis 500,OsthessenNetz GmbH,36037001,78.52
379,379.0,163469777.0,1.0,Hawesta-Feinkost Hans Westphal GmbH & Co. KG,,Mecklenburger Str. 140,23568.0,Lübeck,0451/69350,0451/6935155,www.hawesta-gewinnspiel.de,info@hawesta.de,,,,,,'15.8,Sonstiges Ernährungsgewerbe (ohne Getränkeherstellung),'nan,,'nan,,DE135074578,,,,,Schlutup,,Schleswig-Holstein,451.0,,211874.0,214*19,HL,53°53´17.184083 10°47´23.125416,1.0,Feinkost,DEUTSCHLAND,101 bis 500,Netz Lübeck* gesamtes Stromnetz,23558001,116.74
380,380.0,198643669.0,1.0,Campina GmbH,,Hans-Böckler-Str. 50,33334.0,Gütersloh,05241/9530,05241/953268,,,,,,,,15.51.0,Milchverarbeitung,'nan,,'nan,,,,,,,Innenstadt,,Nordrhein-Westfalen,5241.0,33240.0,96168.0,111*99,GT,51°53´1.360679 8°21´14.96016,2.0,,DEUTSCHLAND,101 bis 500,Gemeindewerke Steinhagen GmbH* gesamtes Stromnetz,33803001,112.21
381,381.0,178121587.0,1.0,Kessko Kessler & Comp. GmbH & Co. KG,,Königswinterer Str. 11-21,53227.0,Bonn,0228/400000,0228/4000077,www.kessko.de,info@kessko.de,,,,,,15.84.0,Herstellung von Süßwaren (ohne Dauerbackwaren),'nan,,'nan,,,,,,,Beuel,,Nordrhein-Westfalen,228.0,53000.0,311938.0,141*22,BN,50°44´21.890292 7°7´42.234239,1.0,,DEUTSCHLAND,101 bis 500,BonnNetz* GV SWB Energie- und Wasserversorgung Bonn/Rhein-Sieg GmbH,53111001,62.64
384,384.0,148984297.0,1.0,Lieken Brot- und Backwaren GmbH,,An der Wethmarheide 21,44536.0,Lünen,02306/20010,02306/25450,,,,,,,,15.81.1,Herstellung von Backwaren (ohne Konditor- und Dauerbackwaren),'nan,,'nan,,,,,,,Brambauer,,Nordrhein-Westfalen,2306.0,44500.0,90800.0,59*19,UN,51°35´58.914780 7°28´54.400548,2.0,Bäckereien,DEUTSCHLAND,101 bis 500,Stadtwerke Lünen GmbH* gesamtes Stromnetz,44534001,84.42
388,388.0,185908493.0,1.0,Tiernahrung Deuerer GmbH,,Rinklinger Str. 13,75015.0,Bretten,07252/93690,07252/936969,www.edel-cat.de,info@deuerer.de,,,,,,'15.7,Herstellung von Futtermitteln,15.72.0,Herstellung von Futtermitteln für sonstige Tiere,'nan,,,,,,,Rinklingen,,Baden-Württemberg,7252.0,75000.0,27948.0,71*12,KA,49°2´8.717315 8°41´25.222308,1.0,Zoologischer Bedarf,DEUTSCHLAND,101 bis 500,Stadtwerke Bretten GmbH* gesamtes Stromnetz,75015001,79.88
392,392.0,102373707.0,1.0,Dinkelacker-Schwaben Bräu GmbH & Co. KG,,Tübinger Str. 46,70178.0,Stuttgart,0711/64810,,,,,,,,,15.96.0,Herstellung von Bier,'nan,,'nan,,,Stuttgart,HRA 720072,Aenderung,20120514.0,Süd,,Baden-Württemberg,711.0,70000.0,590657.0,207*36,S,48°46´5.880647 9°10´15.863556,1.0,,DEUTSCHLAND,101 bis 500,Stuttgart Netze* gesamtes Netzgebiet,70190001,63.98
394,394.0,137268355.0,1.0,Trede & von Pein GmbH & Co. KG,,Rudolf-Diesel-Str. 2-4,25524.0,Itzehoe,04821/60000,04821/600078,www.tredeundvonpein.de,info@tredeundvonpein.de,,,,,,'15.7,Herstellung von Futtermitteln,'nan,,'nan,,,,,,,,,Schleswig-Holstein,4821.0,25500.0,33277.0,28*03,IZ,53°55´13.225080 9°30´33.43499,1.0,,DEUTSCHLAND,101 bis 500,Stadtwerke Itzehoe GmbH,25524001,112.53
395,395.0,118786757.0,1.0,Neff Rudolf GmbH,,Koellestr. 10,76189.0,Karlsruhe,0721/950000,0721/504093,www.baeckerei-neff.de,info@baeckerei-neff.de,,,,,,15.81.1,Herstellung von Backwaren (ohne Konditor- und Dauerbackwaren),15.81.2,Herstellung von Konditorwaren,'nan,,,,,,,Daxlanden,,Baden-Württemberg,721.0,76000.0,284163.0,173*46,KA,49°0´39.258828 8°18´59.442335,1.0,Bäckereien,DEUTSCHLAND,101 bis 500,Stadtwerke Karlsruhe Netzservice GmbH* gesamtes Stromnetz,76127001,72.42
397,397.0,166228337.0,1.0,Crespel & Deiters GmbH & Co.,,Groner Allee 76,49479.0,Ibbenbüren,05451/50000,,www.crespel-deiters.de,info@crespel-deiters.de,,,,,,'15.62,Herstellung von Stärke und Stärkeerzeugnissen,'nan,,'nan,,DE125489983,,,,,Stadt,,Nordrhein-Westfalen,5451.0,49460.0,50544.0,108*54,ST,52°15´51.424235 7°42´19.947455,1.0,,DEUTSCHLAND,101 bis 500,Saerbecker Ver- und Entsorgungsnetzgesellschaft mbH* gesamtes Stromnetz,49525401,88.25
398,398.0,113361770.0,1.0,FSP Frischsaft,Frische Produktionsgesellschaft mbH,Ruckes 90,41238.0,Mönchengladbach,,02166/86710,,,Geschf.,Herr,,Tino,Mocken,15.32.0,Herstellung von Frucht- und Gemüsesäften,'nan,,'nan,,,Mönchengladbach,HRB 4642,Aenderung,20100909.0,Giesenkirchen,,Nordrhein-Westfalen,2161.0,41000.0,261966.0,170*44,MG,51°9´39.817584 6°29´40.159932,1.0,,DEUTSCHLAND,101 bis 500,NEW Netz GmbH,52511304,68.88
401,401.0,142949978.0,1.0,Max Probst GmbH & Co. KG,,Uellendahler Str. 190,42109.0,Wuppertal,0202/75990,0202/759947,www.probst-heuser.de,,,,,,,'15.89,Herstellung von sonstigen Nahrungsmitteln (ohne Getränke),'nan,,'nan,,,,,,,Elberfeld,,Nordrhein-Westfalen,202.0,42000.0,361077.0,168*37,W,51°16´26.343479 7°9´2.205611,1.0,Nahrungsmittel und Lebensmittel Großhandel,DEUTSCHLAND,101 bis 500,WSW Netz GmbH* gesamtes Stromnetz,42281001,108.45
405,405.0,134433581.0,1.0,Eisbär Eis GmbH,,Eisbärstr. 1,21641.0,Apensen,04167/91230,04167/912350,www.eisbaereis.de,info@eisbaer-eis.de,,,,,,'15.52,Herstellung von Speiseeis,'nan,,'nan,,,,,,,,,Niedersachsen,4167.0,21600.0,3001.0,20*74,STD,53°26´37.255091 9°37´12.431099,1.0,,DEUTSCHLAND,101 bis 500,Stadtwerke Buxtehude GmbH,21614001,41.13
415,415.0,125578112.0,1.0,Sinnack Backspezialitäten GmbH & Co. KG,,Harderhook 15,46395.0,Bocholt,02871/25050,,www.sinnack.de,info@sinnack.de,,,,,,15.81.1,Herstellung von Backwaren (ohne Konditor- und Dauerbackwaren),'nan,,'nan,,,,,,,Mussum,,Nordrhein-Westfalen,2871.0,46360.0,73696.0,119*37,BOR,51°48´33.384240 6°33´30.706487,1.0,,DEUTSCHLAND,101 bis 500,Bocholter Energie- und Wasserversorgung GmbH* gesamtes Stromnetz,46395001,104.02
416,416.0,193183986.0,1.0,Vogt & Wolf GmbH,,Herzebrocker Str. 43,33330.0,Gütersloh,05241/87802,05241/878107,,,,,,,,15.13.0,Fleischverarbeitung,'nan,,'nan,,,,,,,Innenstadt,,Nordrhein-Westfalen,5241.0,33240.0,96168.0,111*99,GT,51°54´15.31043 8°21´50.959980,2.0,Fleischwaren,DEUTSCHLAND,101 bis 500,Netzgesellschaft Gütersloh mbH,33330001,75.04
417,417.0,154384643.0,1.0,WAWI Euro GmbH,,Im Geierspiel 2,66981.0,Münchweiler,,,,,Geschf.,Herr,,Andreas,Nickenig,15.84.0,Herstellung von Süßwaren (ohne Dauerbackwaren),'nan,,'nan,,,Zweibrücken,HRB 23351,Aenderung,20111220.0,,an der Rodalb,Rheinland-Pfalz,6395.0,66920.0,3007.0,27*19,PS,49°12´43.775927 7°41´37.297500,1.0,,DEUTSCHLAND,101 bis 500,Gemeindewerke Münchweiler a. d. Rodalb,66981002,127.24
418,418.0,174671496.0,1.0,Brauerei Ferdinand Schumacher GmbH & Co. KG,,Oststr. 123,40210.0,Düsseldorf,0211/8289020,0211/82890244,www.brauerei-schumacher.de,info@brauerei-schumacher.de,,,,,,15.96.0,Herstellung von Bier,'nan,,'nan,,,,,,,Stadtmitte,,Nordrhein-Westfalen,211.0,40000.0,572663.0,217*01,D,51°13´17.76503 6°47´7.250243,1.0,Brauereien,DEUTSCHLAND,101 bis 500,Netzgesellschaft Düsseldorf mbH,40215001,71.42
420,420.0,125051840.0,1.0,Nordzucker AG,,An der Zuckerfabrik 1,29525.0,Uelzen,05128/405135,0581/89100,www.nordzucker.de,info@nordzucker.de,,,,,,'15.83,Herstellung von Zucker,'nan,,'nan,,,,,,,Uelzen,,Niedersachsen,581.0,29500.0,35203.0,135*84,UE,52°57´46.871999 10°33´29.592000,1.0,,DEUTSCHLAND,101 bis 500,Stadtwerke Uelzen GmbH* gesamtes Stromnetz,29525001,95.93
421,421.0,189017518.0,1.0,Develey Senf & Feinkost GmbH,,Ottobrunner Str. 45,82008.0,Unterhaching,089/61102249,089/61102,www.develey.de,foodservice@develey.de,,,,,,'15.8,Sonstiges Ernährungsgewerbe (ohne Getränkeherstellung),'nan,,'nan,,,,,,,,,Bayern,89.0,82000.0,21002.0,8*73,M,48°3´36.622692 11°37´46.130268,1.0,Feinkost,DEUTSCHLAND,501-1000,Bayernwerk Netz,93049004,129.92
422,422.0,166224264.0,1.0,LFW Ludwigsluster Fleisch und,Wurstspezialitäten GmbH & Co. KG,Bauernallee 9,19288.0,Ludwigslust,03874/42200,03874/21016,www.lfw-ludwigslust.de,info@lfw-ludwigslust.de,,,,,,52.11.1,Einzelhandel mit Nahrungsmitteln* Getränken und Tabakwaren* ohne ausgeprägten Schwerpunkt,15.13.0,Fleischverarbeitung,'nan,,DE202820580,,,,,Techentin,,Mecklenburg-Vorpommern,3874.0,19280.0,12967.0,78*29,LWL,53°18´49.883255 11°29´0.169404,1.0,,DEUTSCHLAND,101 bis 500,Stadtwerke Ludwigslust-Grabow GmbH* gesamtes Stromnetz,19288001,144.2
427,427.0,148465918.0,1.0,Schwamm mbH,,Bismarckstr. 144,66121.0,Saarbrücken,0681/66800,0681/6680110,www.schwamm.com,,,,,,,15.13.0,Fleischverarbeitung,51.32.0,Großhandel mit Fleisch* Fleischwaren* Geflügel und Wild,'nan,,,,,,,St Johann,,Saarland,681.0,66000.0,180269.0,167*07,SB,49°13´28.582067 7°0´51.412067,1.0,Fleischwaren,DEUTSCHLAND,101 bis 500,SW Saarbrücken Netz* gesamtes Stromnetz,66117001,103.23
430,430.0,100116933.0,1.0,Bewital Holding GmbH & Co. KG,,Industriestr. 10,46354.0,Südlohn,,,,,,,,,,'15.7,Herstellung von Futtermitteln,'nan,,'nan,,,Coesfeld,HRA 2958,Aenderung,20120803.0,Oeding,,Nordrhein-Westfalen,2862.0,46300.0,8916.0,45*55,BOR,51°56´3.483959 6°49´20.195292,1.0,,DEUTSCHLAND,101 bis 500,SVS-Versorgungsbetriebe GmbH* gesamtes Stromnetz,48703001,100.37
439,439.0,138691038.0,1.0,BEHN Getränke GmbH,,Marienthaler Str. 21,24340.0,Eckernförde,04351/4793,04351/479499,www.behn-getraenke.de,getraenke@behn.de,,,,,,'15.9,Herstellung von Getränken,51.34.1,Großhandel mit Getränken* ohne ausgeprägten Schwerpunkt,'nan,,,,,,,,,Schleswig-Holstein,4351.0,24330.0,23249.0,17*97,RD,54°26´43.856735 9°50´1.799627,1.0,Getränke Händler,DEUTSCHLAND,101 bis 500,Stadtwerke Eckernförde GmbH* gesamtes Stromnetz,24340001,103.65
441,441.0,146182268.0,1.0,Velisco Geflügel GmbH & Co. KG,,Steinäckerstr. 16,74585.0,Rot am See,07955/370,07955/37259,www.velisco.de,info@velisco.de,,,,,,'01.24,Haltung von Geflügel,'15.12,Schlachten von Geflügel,'nan,,,,,,,Brettenfeld,,Baden-Württemberg,7958.0,74550.0,5154.0,74*81,SHA,49°15´20.849543 10°0´59.798124,1.0,Wild und Geflügel,DEUTSCHLAND,101 bis 500,Netze BW GmbH - EW Braunsbach-Tullau GmbH GV hev,76131003,111.49
445,445.0,124218308.0,1.0,Lutz Fleischwaren GmbH,,Justus-von-Liebig-Str. 48,86899.0,Landsberg,08191/1050,08191/105251,www.lutz-fleischwaren.de,info@lutz-fleischwaren.de,,,,,,15.13.0,Fleischverarbeitung,'nan,,'nan,,,,,,,Landsberg,am Lech,Bayern,8191.0,86880.0,26916.0,57*89,LL,48°4´16.838688 10°51´15.27984,1.0,Fleischwaren,DEUTSCHLAND,101 bis 500,SW Landsberg* GV EW Landsberg,86899102,51.88
446,446.0,133116767.0,1.0,Karlsberg Brauerei GmbH,,Karlsbergstr. 62,66424.0,Homburg,06841/1050,06841/105269,teufelsspiel.karlsberg-urpils.de,info@karlsberg.de,,,,,,15.96.0,Herstellung von Bier,'nan,,'nan,,DE265453733,,,,,Homburg,,Saarland,6841.0,66400.0,44611.0,82*64,HOM,49°19´23.860919 7°20´45.221496,1.0,Brauereien,DEUTSCHLAND,501-1000,Stadtwerke Homburg GmbH* gesamtes Stromnetz,66424001,92.01
448,448.0,126087692.0,1.0,Harry-Brot GmbH,,Wolfener Str. 14,12681.0,Berlin,030/930100,030/93010215,www.vdb-deutschland.net,,,,,,,15.81.1,Herstellung von Backwaren (ohne Konditor- und Dauerbackwaren),'nan,,'nan,,,,,,,Marzahn,,Berlin,30.0,10000.0,3387828.0,891*82,B,52°33´17.847180 13°32´47.418503,1.0,Bäckereien,DEUTSCHLAND,101 bis 500,Stromnetz Berlin GmbH* gesamtes Stromnetz,12435001,38.28
449,449.0,184936104.0,1.0,Allgäuer Brauhaus AG,,Beethovenstr. 7,87435.0,Kempten,0831/20500,0831/2050114,,,,,,,,'55,Gastgewerbe,15.96.0,Herstellung von Bier,'nan,,,,,,,Kempten,Allgäu,Bayern,831.0,87400.0,61576.0,63*28,KE,47°43´27.193259 10°18´50.11235,2.0,Gaststätten und Restaurants,DEUTSCHLAND,101 bis 500,AllgäuNetz GmbH &Co.KG Grundversorger Allgäuer Überlandwerk GmbH,87435101,158.69
450,450.0,158913760.0,1.0,Wipak Walsrode GmbH & Co. KG,,Bahnhofstr. 13,29699.0,Bomlitz,05161/443903,05161/44143903,www.wipak.com,,,,,,,63.40.4,Logistische Dienstleistungen* anderweitig nicht genannt,'15,Ernährungsgewerbe,'nan,,,Walsrode,HRA 1134,Aenderung,20120220.0,Bomlitz,,Niedersachsen,5161.0,29650.0,7218.0,64*07,HK,52°54´16.790435 9°39´29.925000,1.0,Verpackungen und Verpackungsmittel,DEUTSCHLAND,1001 bis 5000,Avacon* (Netzgebiet Niedersachsen),38345008,123.12
451,451.0,107828335.0,1.0,Heinrichsthaler Milchwerke GmbH,,Großröhrsdorfer Str. 15,1454.0,Radeberg,03528/43700,03528/437030,www.heinrichsthaler.com,,,,,,,52.11.1,Einzelhandel mit Nahrungsmitteln* Getränken und Tabakwaren* ohne ausgeprägten Schwerpunkt,15.51.0,Milchverarbeitung,'nan,,DE811167481,,,,,Radeberg,,Sachsen,3528.0,1430.0,18790.0,29*74,BZ,51°7´31.153764 13°56´18.249431,1.0,Milchindustrie,DEUTSCHLAND,101 bis 500,ENSO Netz GmbH* gesamtes Stromnetz,1069001,102.73
453,453.0,148568248.0,1.0,Engelbrecht Stadtbäckerei,,An der Feuerwache 8,27570.0,Bremerhaven,0471/924620,0471/9246230,www.stadtbaeckerei-engelbrecht.org,backhaus@stadtbaeckerei-engelbrecht.de,,,,,,15.81.1,Herstellung von Backwaren (ohne Konditor- und Dauerbackwaren),'nan,,'nan,,,,,,,Geestemünde,,Bremen,471.0,27500.0,117281.0,77*68,HB,53°33´3.150468 8°36´21.56724,1.0,Bäckereien,DEUTSCHLAND,101 bis 500,Fischereihafen-Betriebsgesellschaft mbH - Grundversorgung swb Bremerhaven,27572002,113.76
460,460.0,100317215.0,1.0,Binding-Brauerei AG,,Darmstädter Landstr. 185,60598.0,Frankfurt,,,,,,,,,,15.96.0,Herstellung von Bier,'nan,,'nan,,,Frankfurt am Main,HRB 54659,Aenderung,20101220.0,Sachsenhausen,am Main,Hessen,69.0,60000.0,646889.0,248*31,F,50°5´40.841771 8°41´27.799835,1.0,,DEUTSCHLAND,501-1000,NRM Netzdienste Rhein-Main GmbH,60623001,70.18
462,462.0,161662788.0,1.0,Zimbo Fleisch- und Wurstwaren GmbH & Co. KG,,Wasserstr. 223,44799.0,Bochum,0234/95530,0234/955395000,www.zimbo.de,michael.wertmann@bellfoodgroup.com,,,,,,15.13.0,Fleischverarbeitung,'nan,,'nan,,,,,,,Wiemelhausen,,Nordrhein-Westfalen,234.0,44700.0,388179.0,145*43,BO,51°27´38.525544 7°13´20.378352,1.0,,DEUTSCHLAND,101 bis 500,Stadtwerke Bochum Netz GmbH* gesamtes Stromnetz,44787102,40.07
463,463.0,195912973.0,1.0,Lieken Brot- und Backwaren GmbH,,Fritz-Lieken-Eck 1-3,28832.0,Achim,04202/5140,04202/514141,,,,,,,,15.81.1,Herstellung von Backwaren (ohne Konditor- und Dauerbackwaren),'nan,,'nan,,,,,,,Achim,,Niedersachsen,4202.0,28800.0,30092.0,68,VER,53°0´58.884803 9°1´50.256983,2.0,,DEUTSCHLAND,101 bis 500,Stadtwerke Achim AG* Stammgebiet,28832001,58.68
469,469.0,115563466.0,1.0,Molkerei Weihenstephan GmbH & Co. KG,,Milchstr. 1,85354.0,Freising,,,,,,,,,,15.51.0,Milchverarbeitung,'nan,,'nan,,,München,HRA 77076,Aenderung,20111026.0,Freising,,Bayern,8161.0,85310.0,42461.0,88*6,FS,48°22´49.202399 11°44´3.881579,1.0,,DEUTSCHLAND,101 bis 500,Freisinger Stadtwerke Versorgungs-GmbH* gesamtes Stromnetz,85354001,90.93
473,473.0,122595300.0,1.0,Siebrecht* Backstube,,Industriestr. 25,33034.0,Brakel,05272/60010,05272/6001117,www.siebrecht.de,info@siebrecht.de,,,,,,15.81.1,Herstellung von Backwaren (ohne Konditor- und Dauerbackwaren),'nan,,'nan,,,,,,,Brakel,,Nordrhein-Westfalen,5272.0,33000.0,17735.0,173*74,HX,51°42´27.54539 9°10´29.149031,1.0,Bäckereien,DEUTSCHLAND,101 bis 500,EnergieNetz Mitte GmbH,34131001,108.72
474,474.0,105973754.0,1.0,Wergona Schokoladen GmbH,,Neustadter Ring 4,38855.0,Wernigerode,03943/69380,,,,,,,,,15.84.0,Herstellung von Süßwaren (ohne Dauerbackwaren),'nan,,'nan,,,,,,,Wernigerode,,Sachsen-Anhalt,3943.0,38840.0,34335.0,125*17,HZ,51°50´45.11075 10°45´41.237820,2.0,Süßwaren,DEUTSCHLAND,101 bis 500,Stadtwerke Wernigerode GmbH,38855001,108.92
475,475.0,181377067.0,1.0,Höll Feine Fleisch- und Wurstwaren GmbH,,Lyonerring 16,66121.0,Saarbrücken,0681/96820,0681/9682300,www.hoell.com,info@hoell.com,,,,,,15.13.0,Fleischverarbeitung,'nan,,'nan,,,,,,,St Johann,,Saarland,681.0,66000.0,180269.0,167*07,SB,49°13´32.926511 7°1´7.36643,1.0,,DEUTSCHLAND,501-1000,SW Saarbrücken Netz* gesamtes Stromnetz,66117001,103.23
479,479.0,148258858.0,2.0,Dirk Hennig,,Pappelhain 22,15378.0,Hennickendorf,033434/7235,033434/71199,www.hennigs-backstube.de,info@hennigs-backstube.de,Inh.,Herr,,Dirk,Hennig,15.81.1,Herstellung von Backwaren (ohne Konditor- und Dauerbackwaren),'nan,,'nan,,,,,,,,,Brandenburg,33434.0,15330.0,15965.0,70*1,SEE,52°29´57.281999 13°50´38.733576,1.0,,DEUTSCHLAND,101 bis 500,E.DIS Netz* gesamtes Netzgebiet,15517001,68.4
480,480.0,192135025.0,1.0,Coppenrath Feingebäck GmbH,,Telgweg 14,49744.0,Geeste,05937/390,05937/39869,www.coppenrath-feingebaeck.de,info@coppenrath-feingebaeck.de,,,,,,15.81.1,Herstellung von Backwaren (ohne Konditor- und Dauerbackwaren),15.81.2,Herstellung von Konditorwaren,'nan,,,,,,,Groß Hesepe,,Niedersachsen,5907.0,49700.0,11302.0,133*07,EL,52°37´23.210723 7°13´59.740572,1.0,Dauerbackwaren,DEUTSCHLAND,101 bis 500,Stadtwerke Lingen GmbH,49808001,73.76
486,486.0,198782563.0,1.0,Reineke-Brot GmbH & Co.,,Geseker Str. 26,33154.0,Salzkotten,05258/987200,05258/987295,www.reineke-brot.de,info@reineke-brot.de,,,,,,15.81.1,Herstellung von Backwaren (ohne Konditor- und Dauerbackwaren),'nan,,'nan,,,,,,,Salzkotten,,Nordrhein-Westfalen,5258.0,33040.0,24544.0,109*5,PD,51°40´11.870112 8°35´53.409443,1.0,,DEUTSCHLAND,101 bis 500,Westfalen Weser Netz GmbH,33102101,95.67
487,487.0,154693160.0,1.0,Fritsch GmbH,,Bahnhofstr. 27,97348.0,Markt Einersheim,09326/830,09326/83100,www.fritsch-forum.com,,,,,,,15.81.1,Herstellung von Backwaren (ohne Konditor- und Dauerbackwaren),'nan,,'nan,,,,,,,,,Bayern,9326.0,97300.0,1211.0,7*77,KT,49°41´12.705540 10°16´59.278728,1.0,Bäckereibedarf,DEUTSCHLAND,101 bis 500,MDN* Stammgebiet,90429301,125.28
488,488.0,159531328.0,1.0,Lieken Brot- und Backwaren GmbH,,Daimlerstr. 18-20,89264.0,Weißenhorn,07309/8760,07309/87610,,,,,,,,15.81.1,Herstellung von Backwaren (ohne Konditor- und Dauerbackwaren),'nan,,'nan,,,,,,,Weißenhorn,,Bayern,7309.0,89200.0,13293.0,53*69,NU,48°18´20.909771 10°8´23.103779,2.0,,DEUTSCHLAND,101 bis 500,Verteilnetze Energie Weissenhorn GmbH & Co. KG,89264001,69.72
491,491.0,144039322.0,1.0,Wiener Feinbäckerei Heberer GmbH,,Dieselstr. 58,63165.0,Mühlheim,06108/6040,06108/71557,www.heberer.de,info@heberer.de,,,,,,15.81.1,Herstellung von Backwaren (ohne Konditor- und Dauerbackwaren),15.81.2,Herstellung von Konditorwaren,'nan,,,,,,,Mühlheim,am Main,Hessen,6108.0,63000.0,26557.0,20*67,OF,50°7´4.416744 8°51´8.643744,1.0,Bäckereien,DEUTSCHLAND,101 bis 500,Stadtwerke Mühlheim am Main GmbH* gesamtes Stromnetz,63165001,61.87
492,492.0,175486730.0,1.0,Kühne Carl KG,,Niederdorfer Str. 57,47638.0,Straelen,02839/9100,02839/910505,,,,,,,,'15.8,Sonstiges Ernährungsgewerbe (ohne Getränkeherstellung),'nan,,'nan,,,,,,,Herongen,,Nordrhein-Westfalen,2834.0,47590.0,15392.0,74*04,KLE,51°23´15.909935 6°14´33.444924,2.0,,DEUTSCHLAND,101 bis 500,NG Niederrhein* Netz Wachtendonk GV innogy SE,47804203,94.4
494,494.0,115292966.0,1.0,Fürstlich Fürstenbergische Brauerei,GmbH & Co. KG,Postplatz 1-4,78166.0,Donaueschingen,0771/860,0771/86398,www.bier-des-suedens.de,,,,,,,15.96.0,Herstellung von Bier,'nan,,'nan,,,Freiburg,HRA 610202,Aenderung,20140630.0,Donaueschingen,,Baden-Württemberg,771.0,78150.0,21496.0,104*63,VS,47°57´5.689440 8°30´0.776268,1.0,,DEUTSCHLAND,101 bis 500,EV Südbaar*ehemals Netzgebiet ED Netze Hüfingen und Bräunlingen,78176003,79.57
496,496.0,182912594.0,1.0,Südzucker AG,,Straubinger Str. 18,93055.0,Regensburg,0941/79690,,,,,,,,,15.84.0,Herstellung von Süßwaren (ohne Dauerbackwaren),52.11.1,Einzelhandel mit Nahrungsmitteln* Getränken und Tabakwaren* ohne ausgeprägten Schwerpunkt,'nan,,,,,,,Ostenviertel,,Bayern,941.0,93000.0,128917.0,80*76,R,49°0´49.795884 12°7´29.482247,2.0,,DEUTSCHLAND,101 bis 500,Regensburg Netz GmbH* gesamtes Stromnetz,93055001,54.61
497,497.0,142007709.0,1.0,Peter Hünten*,Fleischwarenfabrik Gesellschaft mbH,Bergweg 16,56332.0,Löf,02605/8070,02605/8234,www.huenten-fleischwaren.de,info@huenten-fleischwaren.de,Geschf.,Frau,,Monika,Schmidt,15.13.0,Fleischverarbeitung,'nan,,'nan,,,Koblenz,HRB 1366,Aenderung,20091222.0,Löf,,Rheinland-Pfalz,2605.0,56270.0,1549.0,5*34,MYK,50°14´3.210540 7°26´22.250867,1.0,,DEUTSCHLAND,101 bis 500,EnergienMittelr* gesamtes Netzgebiet,56068001,68.0
498,498.0,183210135.0,1.0,Bayerische Löwenbrauerei Franz Stockbauer AG,,Franz-Stockbauer-Weg 13,94032.0,Passau,0851/70050,0851/700510,www.passau-loewenbrauerei.de,info@loewenbrauerei.de,,,,,,15.96.0,Herstellung von Bier,'nan,,'nan,,DE130951619,,,,,Haidenhof-Süd,,Bayern,851.0,94000.0,50537.0,69*76,PA,48°34´14.492495 13°27´9.788472,1.0,Brauereien,DEUTSCHLAND,101 bis 500,Stadtwerke Passau GmbH* gesamtes Stromnetz,94036001,106.95
499,499.0,132551933.0,1.0,Stegmann Emmentaler Käsereien GmbH,,Mozartstr. 31,87435.0,Kempten,0831/520400,0831/5204017,www.stegmann-gmbh.de,info@stegmann-gmbh.de,,,,,,15.51.0,Milchverarbeitung,'nan,,'nan,,,,,,,Kempten,Allgäu,Bayern,831.0,87400.0,61576.0,63*28,KE,47°43´24.963780 10°18´39.544487,1.0,Milchindustrie,DEUTSCHLAND,101 bis 500,AllgäuNetz GmbH &Co.KG Grundversorger Allgäuer Überlandwerk GmbH,87435101,158.69
501,501.0,162955338.0,1.0,Edelweiss GmbH & Co. KG,,Oberstdorfer Str. 7,87435.0,Kempten,0831/25390,0831/2539212,www.edelweiss-gmbh.com,info.direkt@edelweiss-gmbh.com,,,,,,15.51.0,Milchverarbeitung,'nan,,'nan,,DE231212999,,,,,Kempten,Allgäu,Bayern,831.0,87400.0,61576.0,63*28,KE,47°42´14.113908 10°18´44.500932,1.0,,DEUTSCHLAND,501-1000,AllgäuNetz GmbH &Co.KG Grundversorger Allgäuer Überlandwerk GmbH,87435101,158.69
502,502.0,125817261.0,1.0,Augustiner-Bräu Wagner KG,,Landsberger Str. 35,80339.0,München,089/519940,089/51994111,www.augustiner-braeu.de,Info@augustiner-braeu.de,,,,,,15.96.0,Herstellung von Bier,'nan,,'nan,,,,,,,Schwanthalerhöhe,,Bayern,89.0,80000.0,1249176.0,310*46,M,48°8´21.784631 11°32´32.150147,1.0,,DEUTSCHLAND,101 bis 500,SWM Infrastruktur* Stammgebiet,80287001,93.9
503,503.0,136665484.0,1.0,Wolf Butter Back GmbH & Co. KG,,Magazinstr. 77,90763.0,Fürth,0911/670440,0911/6704440,www.butterback.de,info@butterback.de,,,,,,15.81.1,Herstellung von Backwaren (ohne Konditor- und Dauerbackwaren),'15.89,Herstellung von sonstigen Nahrungsmitteln (ohne Getränke),'nan,,,,,,,Südstadt,,Bayern,911.0,90700.0,112506.0,63*35,FÜ,49°27´9.643104 11°0´7.120260,1.0,Brotwaren und Backwaren,DEUTSCHLAND,101 bis 500,infra fürth gmbh* gesamtes Stromnetz,90763001,123.58
504,504.0,177322646.0,1.0,Hanseatisches Wein- und,Sekt-Kontor Hawesko GmbH,Hamburger Str. 14-20,25436.0,Tornesch,04122/504433,,www.esterhazywein.at,,,,,,,15.91.0,Herstellung von Spirituosen,'nan,,'nan,,,,,,,,,Schleswig-Holstein,4122.0,25400.0,12957.0,20*61,PI,53°41´47.81399 9°43´2.957448,1.0,Weine und Spirituosen,DEUTSCHLAND,101 bis 500,Stadtwerke Elmshorn* GV Gebiet SW Elmshorn,25336001,107.94
506,506.0,113934275.0,1.0,Stollwerck GmbH,,Stollwerckstr. 27-31,51149.0,Köln,02203/430,02203/43319,www.stollwerck-star.de,info@stollwerck.de,,,,,,15.84.0,Herstellung von Süßwaren (ohne Dauerbackwaren),'nan,,'nan,,,,,,,Westhoven,,Nordrhein-Westfalen,221.0,,969709.0,405*15,K,50°54´19.187207 7°1´40.348019,1.0,Süßwaren,DEUTSCHLAND,101 bis 500,RNG-Netz 2 - Köln,50825101,53.64
508,508.0,172772481.0,1.0,Mederer GmbH,,Oststr. 94,90763.0,Fürth,0911/787030,0911/708741,,,Geschf.,Herr,,Thomas,Bauer,15.84.0,Herstellung von Süßwaren (ohne Dauerbackwaren),'nan,,'nan,,,Fürth,HRB 1744,Aenderung,20110818.0,Südstadt,,Bayern,911.0,90700.0,112506.0,63*35,FÜ,49°27´24.101711 11°0´18.378972,1.0,,DEUTSCHLAND,101 bis 500,infra fürth gmbh* gesamtes Stromnetz,90763001,123.58
509,509.0,193937049.0,1.0,Harry-Brot GmbH,,Kiebitzweg 15-19,22869.0,Schenefeld,040/3807800,040/38078010803,www.sammys.de,marketing@harry.de,,,,,,15.81.1,Herstellung von Backwaren (ohne Konditor- und Dauerbackwaren),'nan,,'nan,,DE134804040,,,,,,,Schleswig-Holstein,40.0,22000.0,17926.0,9*99,PI,53°36´13.330223 9°50´4.894367,1.0,Bäckereien,DEUTSCHLAND,501-1000,Schleswig-Holstein Netz AG,24768401,122.18
510,510.0,127725073.0,1.0,Gummi Bear Factory Süßwaren GmbH & Co. KG,,Oststr. 94,90763.0,Fürth,,,,,,,,,,15.84.0,Herstellung von Süßwaren (ohne Dauerbackwaren),'nan,,'nan,,,Fürth,HRA 7289,Aenderung,20120103.0,Südstadt,,Bayern,911.0,90700.0,112506.0,63*35,FÜ,49°27´24.101711 11°0´18.378972,1.0,,DEUTSCHLAND,101 bis 500,infra fürth gmbh* gesamtes Stromnetz,90763001,123.58
511,511.0,137630429.0,1.0,Willy Mederer GmbH & Co. KG,,Oststr. 94,90763.0,Fürth,,,,,,,,,,15.84.0,Herstellung von Süßwaren (ohne Dauerbackwaren),'nan,,'nan,,,Fürth,HRA 2370,Aenderung,20100817.0,Südstadt,,Bayern,911.0,90700.0,112506.0,63*35,FÜ,49°27´24.101711 11°0´18.378972,1.0,,DEUTSCHLAND,101 bis 500,infra fürth gmbh* gesamtes Stromnetz,90763001,123.58
515,515.0,191548220.0,1.0,Grabower Süsswaren GmbH,,Kiebitzweg,19300.0,Grabow,038756/370,038756/37222,www.grabower.de,,,,,,,15.84.0,Herstellung von Süßwaren (ohne Dauerbackwaren),'nan,,'nan,,,,,,,,,Mecklenburg-Vorpommern,38756.0,19280.0,6311.0,47*68,LWL,53°17´17.431080 11°33´44.321363,1.0,Süßwaren,DEUTSCHLAND,101 bis 500,WEMAG Netz GmbH,19053001,126.02
516,516.0,181251016.0,1.0,Badische Staatsbrauerei Rothaus AG,,Rothaus 1,79865.0,Grafenhausen,07748/5220,07748/52279,,,,,,,,15.96.0,Herstellung von Bier,'nan,,'nan,,,Freiburg,HRB 640100,Aenderung,20121112.0,Grafenhausen,,Baden-Württemberg,7748.0,79810.0,2373.0,48*55,WT,47°47´45.557052 8°14´39.832764,1.0,,DEUTSCHLAND,101 bis 500,ED Netze GmbH,79618301,57.0
519,519.0,167167344.0,1.0,Bäko-Zentrale West e.G.,,Am Kiekenbusch 4,47269.0,Duisburg,0203/76840,0203/7681018,www.baeko-designcontest.de,info-duisburg@baekogruppenord.de,,,,,,15.81.1,Herstellung von Backwaren (ohne Konditor- und Dauerbackwaren),'nan,,'nan,,,,,,,Großenbaum,,Nordrhein-Westfalen,203.0,47000.0,504403.0,232*81,DU,51°22´2.352431 6°46´21.554256,1.0,Bäckereibedarf,DEUTSCHLAND,101 bis 500,Westnetz GmbH-GV innogy SE,46483023,88.25
520,520.0,141754119.0,1.0,Griesson de Beukelaer GmbH & Co. KG,,Im Camisch 1,7768.0,Kahla,036424/800,036424/802000,,,,,,,,15.81.1,Herstellung von Backwaren (ohne Konditor- und Dauerbackwaren),15.82.0,Herstellung von Dauerbackwaren,'nan,,,,,,,,,Thüringen,36424.0,7700.0,7428.0,7*96,SHK,50°49´25.163543 11°35´0.897791,2.0,Backwaren,DEUTSCHLAND,101 bis 500,SW Jena Netze* - Grundversorgung Thüringer Energie AG -,7745003,85.09
523,523.0,162463247.0,1.0,Lutz Fleischwaren GmbH,,Ziegelhütte 6,97762.0,Hammelburg,09732/79666,,,,,,,,,15.13.0,Fleischverarbeitung,'nan,,'nan,,,,,,,Hammelburg,,Bayern,9732.0,97730.0,11932.0,128*89,KG,50°7´3.125712 9°52´44.854715,2.0,,DEUTSCHLAND,101 bis 500,Stadtwerke Hammelburg GmbH* gesamtes Stromnetz,97762001,136.72
525,525.0,127752004.0,1.0,Wrigley GmbH,,Biberger Str. 18,82008.0,Unterhaching,089/665100,089/66510309,www.wrigley.de,infogermany@wrigley.com,,,,,,15.84.0,Herstellung von Süßwaren (ohne Dauerbackwaren),'nan,,'nan,,DE129496944,,,,,,,Bayern,89.0,82000.0,21002.0,8*73,M,48°3´46.958976 11°37´0.229403,1.0,,DEUTSCHLAND,101 bis 500,Bayernwerk Netz,93049004,129.92
528,528.0,194003218.0,1.0,Ihle GmbH & Co. KG,,Dr.-Balthasar-Hubmaier-Str. 6,86316.0,Friedberg,0821/660070,,www.ihle.de,info@ihle.de,,,,,,15.81.1,Herstellung von Backwaren (ohne Konditor- und Dauerbackwaren),'nan,,'nan,,,,,,,Friedberg,,Bayern,821.0,86000.0,29386.0,80*91,AIC,48°21´42.97212 10°57´11.934144,1.0,Bäckereien,DEUTSCHLAND,501-1000,LEW Verteilnetz GmbH,86150001,93.12
529,529.0,120876493.0,1.0,Windel GmbH & Co. KG,,Hafenringstr. 6,49090.0,Osnabrück,0541/91810,0541/9181222,www.windel-candy.de,,,,,,,15.84.0,Herstellung von Süßwaren (ohne Dauerbackwaren),51.36.2,Großhandel mit Süßwaren,'nan,,,,,,,Hafen,,Niedersachsen,541.0,49000.0,164489.0,119*8,OS,52°18´23.856407 8°0´23.997096,1.0,,DEUTSCHLAND,101 bis 500,SWO Netz* gesamtes Netzgebiet,49074002,76.31
530,530.0,142917288.0,1.0,Vitakraft Werke Wührmann & Sohn,,Mahndorfer Heerstr. 9,28307.0,Bremen,0421/48980,0421/483036,www.vitakraft.com,,,,,,,'15.7,Herstellung von Futtermitteln,'nan,,'nan,,,,,,,Mahndorf,,Bremen,421.0,28001.0,545932.0,326*55,HB,53°2´17.627748 8°56´9.590747,1.0,Futtermittel,DEUTSCHLAND,101 bis 500,wesernetz Bremen GmbH* gesamtes Stromnetz,28215001,70.03
535,535.0,133430920.0,1.0,Mineralquellen Bad Liebenwerda,,Am Brunnenpark 1,4924.0,Bad Liebenwerda,035341/980,035341/10437,www.mineralquellen.de,blw-info@mineralquellen.de,,,,,,'15.98,Gewinnung natürlicher Mineralwässer* Herstellung von Erfrischungsgetränken,'nan,,'nan,,DE138940702,,,,,,,Brandenburg,35341.0,4890.0,10866.0,138*41,HZ,51°31´52.449851 13°23´42.294155,1.0,Mineralwasser und -brunnen,DEUTSCHLAND,101 bis 500,Mitteldeutsche Netzgesellschaft Strom mbH,6112308,112.72
536,536.0,138757039.0,1.0,Tulip Fleischwaren Oldenburg GmbH,,Georg-Bölts-Str. 10,26135.0,Oldenburg,0441/20070,0441/2007359,www.tulip.dk,,,,,,,15.13.0,Fleischverarbeitung,'nan,,'nan,,,,,,,Tweelbäke,,Niedersachsen,441.0,26000.0,158394.0,102*96,OL,53°6´36.280619 8°15´38.513591,1.0,Fleischwaren,DEUTSCHLAND,101 bis 500,EWE NETZ GmbH,26122101,53.16
537,537.0,198674529.0,1.0,HL Hamburger Leistungsfutter GmbH,,Konsul-Ritter-Str. 3,21079.0,Hamburg,040/766920,040/76692194,www.ibeka.com,allgemein@ibeka.com,,,,,,'15.7,Herstellung von Futtermitteln,'nan,,'nan,,,Hamburg,HRB 22573,Aenderung,20120620.0,Heimfeld,,Hamburg,40.0,20000.0,1734830.0,755*24,HH,53°28´13.336392 9°58´22.482335,1.0,,DEUTSCHLAND,101 bis 500,Stromnetz Hamburg GmbH,22297001,42.32
538,538.0,123167869.0,1.0,Ridderskamp und Hahn GmbH,,Manfredstr. 2,45891.0,Gelsenkirchen,0209/74038,0209/783810,www.ridha.de,info@ridha.de,,,,,,15.13.0,Fleischverarbeitung,'nan,,'nan,,,,,,,Erle,,Nordrhein-Westfalen,209.0,45800.0,270107.0,104*86,GE,51°33´8.839727 7°5´6.329795,1.0,,DEUTSCHLAND,101 bis 500,ELE Verteilnetz GmbH* gesamtes Stromnetz,45879001,80.96
